funder,ingredient,quantity,unit,monthly_price,monthly_cost,cost_per_child_per_month,annual_price,total_cost_per_year,cost_per_child_per_year
DISTRICT,Food,25213,Beneficiary,.12480833,3146.79248046875,.5245000123977661,1.4977,37761.96999426931,6.294000148773193
DISTRICT,Mentors,480,Mentor,.41666666,200,.0333000011742115,5,2400,.3996000289916992
DISTRICT,Office supplies,24861,Beneficiary,.12614167,3136.008056640625,.5227000117301941,1.5137,37632.66002402641,6.27239990234375
,Total,,,,6482.800537109375,1.080500025302172,,77794.63001829572,12.96600008010864
